-- ============================================================================
-- Seed 001: Roles and Permissions
-- ============================================================================
-- Populates the RBAC system with default roles, permissions, and mappings.
-- Uses INSERT IGNORE for idempotent re-runs.
-- ============================================================================

-- ---------------------------------------------------------------------------
-- Roles
-- ---------------------------------------------------------------------------
INSERT IGNORE INTO roles (id, name, display_name, description) VALUES
    ('00000000-0000-0000-0000-000000000001', 'admin',           'Administrator',    'Full system access'),
    ('00000000-0000-0000-0000-000000000002', 'librarian',       'Librarian',        'Manages journals and resources'),
    ('00000000-0000-0000-0000-000000000003', 'instructor',      'Instructor',       'Manages courses and check-ins'),
    ('00000000-0000-0000-0000-000000000004', 'department_head', 'Department Head',  'Oversees department reports and courses'),
    ('00000000-0000-0000-0000-000000000005', 'viewer',          'Viewer',           'Read-only access'),
    ('00000000-0000-0000-0000-000000000006', 'auditor',         'Auditor',          'Read-only access to audit logs and reports');

-- ---------------------------------------------------------------------------
-- Permissions
-- ---------------------------------------------------------------------------
INSERT IGNORE INTO permissions (id, key_name, description) VALUES
    ('10000000-0000-0000-0000-000000000001', 'users:read',        'View user profiles and listings'),
    ('10000000-0000-0000-0000-000000000002', 'users:write',       'Create, update, and deactivate users'),
    ('10000000-0000-0000-0000-000000000003', 'journals:read',     'View journals and versions'),
    ('10000000-0000-0000-0000-000000000004', 'journals:write',    'Create, update, and publish journals'),
    ('10000000-0000-0000-0000-000000000005', 'resources:read',    'View library resources'),
    ('10000000-0000-0000-0000-000000000006', 'resources:write',   'Create, update, and delete resources'),
    ('10000000-0000-0000-0000-000000000007', 'courses:read',      'View courses and enrolments'),
    ('10000000-0000-0000-0000-000000000008', 'courses:write',     'Create, update, and manage courses'),
    ('10000000-0000-0000-0000-000000000009', 'checkins:read',     'View check-in records'),
    ('10000000-0000-0000-0000-000000000010', 'checkins:write',    'Record and manage check-ins'),
    ('10000000-0000-0000-0000-000000000011', 'reports:read',      'View generated reports'),
    ('10000000-0000-0000-0000-000000000012', 'reports:write',     'Create and configure reports'),
    ('10000000-0000-0000-0000-000000000013', 'reports:execute',   'Execute report generation'),
    ('10000000-0000-0000-0000-000000000014', 'audit:read',        'View audit log entries'),
    ('10000000-0000-0000-0000-000000000015', 'admin:config',      'Manage system configuration'),
    ('10000000-0000-0000-0000-000000000016', 'admin:retention',   'Manage data retention policies');

-- ---------------------------------------------------------------------------
-- Role-Permission Mappings
-- ---------------------------------------------------------------------------

-- Admin: all permissions
INSERT IGNORE INTO role_permissions (role_id, permission_id) VALUES
    ('00000000-0000-0000-0000-000000000001', '10000000-0000-0000-0000-000000000001'),
    ('00000000-0000-0000-0000-000000000001', '10000000-0000-0000-0000-000000000002'),
    ('00000000-0000-0000-0000-000000000001', '10000000-0000-0000-0000-000000000003'),
    ('00000000-0000-0000-0000-000000000001', '10000000-0000-0000-0000-000000000004'),
    ('00000000-0000-0000-0000-000000000001', '10000000-0000-0000-0000-000000000005'),
    ('00000000-0000-0000-0000-000000000001', '10000000-0000-0000-0000-000000000006'),
    ('00000000-0000-0000-0000-000000000001', '10000000-0000-0000-0000-000000000007'),
    ('00000000-0000-0000-0000-000000000001', '10000000-0000-0000-0000-000000000008'),
    ('00000000-0000-0000-0000-000000000001', '10000000-0000-0000-0000-000000000009'),
    ('00000000-0000-0000-0000-000000000001', '10000000-0000-0000-0000-000000000010'),
    ('00000000-0000-0000-0000-000000000001', '10000000-0000-0000-0000-000000000011'),
    ('00000000-0000-0000-0000-000000000001', '10000000-0000-0000-0000-000000000012'),
    ('00000000-0000-0000-0000-000000000001', '10000000-0000-0000-0000-000000000013'),
    ('00000000-0000-0000-0000-000000000001', '10000000-0000-0000-0000-000000000014'),
    ('00000000-0000-0000-0000-000000000001', '10000000-0000-0000-0000-000000000015'),
    ('00000000-0000-0000-0000-000000000001', '10000000-0000-0000-0000-000000000016');

-- Librarian: journals + resources
INSERT IGNORE INTO role_permissions (role_id, permission_id) VALUES
    ('00000000-0000-0000-0000-000000000002', '10000000-0000-0000-0000-000000000003'),
    ('00000000-0000-0000-0000-000000000002', '10000000-0000-0000-0000-000000000004'),
    ('00000000-0000-0000-0000-000000000002', '10000000-0000-0000-0000-000000000005'),
    ('00000000-0000-0000-0000-000000000002', '10000000-0000-0000-0000-000000000006');

-- Instructor: courses + check-ins
INSERT IGNORE INTO role_permissions (role_id, permission_id) VALUES
    ('00000000-0000-0000-0000-000000000003', '10000000-0000-0000-0000-000000000007'),
    ('00000000-0000-0000-0000-000000000003', '10000000-0000-0000-0000-000000000008'),
    ('00000000-0000-0000-0000-000000000003', '10000000-0000-0000-0000-000000000009'),
    ('00000000-0000-0000-0000-000000000003', '10000000-0000-0000-0000-000000000010');

-- Department Head: reports + courses
INSERT IGNORE INTO role_permissions (role_id, permission_id) VALUES
    ('00000000-0000-0000-0000-000000000004', '10000000-0000-0000-0000-000000000007'),
    ('00000000-0000-0000-0000-000000000004', '10000000-0000-0000-0000-000000000008'),
    ('00000000-0000-0000-0000-000000000004', '10000000-0000-0000-0000-000000000011'),
    ('00000000-0000-0000-0000-000000000004', '10000000-0000-0000-0000-000000000012'),
    ('00000000-0000-0000-0000-000000000004', '10000000-0000-0000-0000-000000000013');

-- Viewer: read-only permissions
INSERT IGNORE INTO role_permissions (role_id, permission_id) VALUES
    ('00000000-0000-0000-0000-000000000005', '10000000-0000-0000-0000-000000000001'),
    ('00000000-0000-0000-0000-000000000005', '10000000-0000-0000-0000-000000000003'),
    ('00000000-0000-0000-0000-000000000005', '10000000-0000-0000-0000-000000000005'),
    ('00000000-0000-0000-0000-000000000005', '10000000-0000-0000-0000-000000000007'),
    ('00000000-0000-0000-0000-000000000005', '10000000-0000-0000-0000-000000000009'),
    ('00000000-0000-0000-0000-000000000005', '10000000-0000-0000-0000-000000000011');

-- Auditor: audit log read + report read (least-privilege compliance role)
INSERT IGNORE INTO role_permissions (role_id, permission_id) VALUES
    ('00000000-0000-0000-0000-000000000006', '10000000-0000-0000-0000-000000000014'),  -- audit:read
    ('00000000-0000-0000-0000-000000000006', '10000000-0000-0000-0000-000000000011');  -- reports:read
